{"858": "Ablehnung/Korrektur KA/KV", "446": "Abrechnung Kostentr\u00e4ger", "859": "Activisu", "860": "Adresseingabe", "861": "Adresskorrektur", "448": "Akustik", "862": "Alcon (EMail)", "863": "Alcon (Webservice)", "201464": "AMiRO", "857": "AMiRO Glasberatung", "441": "Amparex", "864": "Ampel", "447": "Anamnese", "865": "Anamneseb\u00f6gen", "866": "Andy Wolf Fsg.Logistik", "867": "Angebot / Rechnung", "868": "Angebote / Rechnungen / Vorg\u00e4nge", "869": "Anmeldung abgelehnt", "870": "Arbeitsplatz-Profile", "871": "Arbeitspl\u00e4tze", "872": "Artikelstamm", "873": "Artikelverwaltung", "444": "AS\u00dc - Auftragsstand\u00fcberwachung", "449": "Aufgabenplaner", "450": "Auftrag Allgemein", "874": "Auskonvertierung", "875": "Auskunft", "876": "Austrian Optic (B2B Webservice)", "877": "Austrian Optic Webportal", "451": "Auswertungen / Statistiken", "856": "AVM (B2B E-Mail)", "445": "AX Performance", "879": "Backup Plus", "880": "Barauftrag", "201451": "Barcode Leser", "881": "Barcode/QR-Code", "882": "Barcodescanner", "883": "Bausch (EMail)", "884": "Bausch (Webservice)", "885": "Bearbeiten/Umfang der Glaseingabe", "440": "Bereich", "886": "Bereinigung", "887": "Bestellung/Disposition", "452": "Bestellwesen CL", "453": "Bestellwesen Gl\u00e4ser", "454": "Bestellwesen Otoplastik", "455": "Bildarchiv", "888": "Bildschirm", "201452": "Bitte Hauptkategorie w\u00e4hlen", "889": "Bon Optic", "890": "Bon/Druck", "891": "Bondrucker", "878": "BOW (B2B E-Mail)", "456": "Brille/Optik", "892": "Brille24 ICS-Import", "893": "Brillen-Online", "894": "Brillenprofi (Status f\u00fcr L1-Shop)", "895": "Brillenprofi L1-Shop", "896": "Briot", "457": "Buchhaltung", "898": "B\u00fcro", "897": "Business Hub", "458": "Business Hub", "902": "Charmant Fsg.Logistik", "899": "CL Listen", "900": "CL-Kataloge", "903": "Click2Date - Online Terminvereinbarung", "459": "Club", "904": "Cockpit", "460": "Computerkasse", "905": "Conil (Webservice)", "461": "Contactlinse", "906": "Contactlinsen", "907": "Cooper (EMail)", "908": "Cooper (Webservice)", "901": "CRM", "912": "Dakota LE", "462": "Datenbank", "913": "Datendialog (Export)", "914": "Datenexport f\u00fcr Kundenbindung", "915": "Datenpr\u00fcfung Gesamtlager", "463": "Datenservice/OLDS", "464": "Datensicherung", "916": "Datensicherung", "909": "DATEV", "910": "DB-/Index-Fehler", "917": "DeCeunynck (B2B Webservice)", "919": "Demo-CD", "918": "DeRigo Freedom Fsg.Logistik", "920": "Deutsche AO (B2B E-Mail)", "911": "DHL", "465": "Doku Verwaltung", "921": "Dokumentvorlagen", "1212": "Dokumentvorlagen", "47469": "Dokumentvorlagen", "1195": "dr.IPRO Zugangsdaten", "922": "Drucker", "923": "Drucker", "924": "Dynoptic Dynashop", "925": "E-Rechnung", "926": "EC Cash", "927": "EC-Terminal", "930": "Egeko", "931": "Einspielen", "932": "Einstellungen", "933": "Einstellungen", "934": "Einstellungen", "935": "Einstellungen", "936": "Einstellungen", "1196": "eKV Egeko Optik", "1197": "eKV MIP Optik", "937": "Elina (Alcon)", "928": "EMO Essilor (B2B Webservice)", "1198": "ePostcode UK", "938": "Eschenbach (B2B E-Mail)", "939": "Eschenbach Fsg.Logistik", "945": "Essilor", "940": "Essilor (B2B Webservice)", "941": "Essilor NL", "942": "Essilor Opsys", "943": "Essilor OpsysWeb", "944": "Essilor VisiOffice", "946": "Essilor: Kappa", "947": "Essilor: OMA Mr. Blue - Mr. Orange", "948": "Etiketten Einrichtung", "949": "Etiketten-Drucker", "950": "Etikettendruck", "442": "Euronet", "951": "Evex Pay", "929": "EVEX Pay", "952": "Expertenmodus", "1199": "eyeqube Datenexport von to.eyes", "953": "Eyetech (B2B Webservice)", "954": "Famed", "955": "Fassung", "956": "Fassungen", "957": "Fassungs-Kataloge", "959": "Fehler", "958": "Fehler", "960": "Fehlermeldung beim Abrechnen einer Sammel-/Einzelrechnung", "963": "Fehlermeldung beim Versenden eines KV/KA", "961": "Filialen", "466": "Filialvernetzung", "467": "Filialverwaltung / Berechtigungen", "962": "Formeditor", "964": "Formularanpassungen", "965": "Formulare", "966": "Formularparameter", "967": "Formverwaltung", "968": "Fossil eLfs.", "969": "FrameTec (B2B E-Mail)", "468": "Fremd-Software", "970": "Galaxa (B2B E-Mail)", "971": "Glasberatung", "972": "Glasbestellung", "973": "Glasbestellung", "977": "Gl\u00e4ser", "974": "Glashaus (B2B E-Mail)", "975": "Glaspreisliste", "469": "Glaspreislisten", "976": "Glasvergleich", "981": "Handelsware", "470": "Handelswaren Auftrag", "982": "Hardware", "472": "Hardware", "983": "Hardware", "471": "Hardware - von uns", "35369": "Hardware \u2013 extern bezogen", "984": "Hausbesuchs Modul", "980": "HaWa-Kataloge", "985": "Hecht (EMail)", "986": "Hecht (Webservice)", "978": "HG Reparaturwerkstatt", "979": "HG-Kataloge", "992": "H\u00f6rger\u00e4te", "990": "Hoya", "987": "Hoya (Webservice)", "988": "Hoya HoyaiLog", "989": "Hoya Identifier", "991": "Huvitz", "1200": "i-Optics easyscan", "1201": "iCODiS", "993": "ICS-Export / iConnect-Terminkalender-Cloud", "994": "IGA ERFA-Meldebogen", "995": "IGA Fsg.Logistik", "996": "IGA Horus (B2B E-Mail)", "997": "IGA Online", "1003": "Indiv. Auswertung", "1203": "indiv. Formular", "1004": "Individueller Bogen", "474": "Installation", "1005": "Installation", "1006": "Installation", "473": "Installation / Einrichtung", "475": "Intern", "1007": "Internetzugang", "476": "Inventur", "1008": "Inventur", "443": "IPRO", "998": "IPRO Diagnose", "999": "IPRO-Einplatz", "1000": "IPRO-Server", "1001": "IPRO-Workstation", "1002": "IRIS B2", "1202": "iScale", "520": "iSyncro", "68723": "ITSG Zertifikat", "1009": "Johnson (EMail)", "1010": "Johnson (Webservice)", "1011": "Journal", "1014": "Kalkulation", "1015": "Karteireiter", "478": "Kasse", "1016": "Kasse", "1017": "Kassiervorgang", "477": "KK-Abrechnung", "1012": "KK-Tarif-/Positionsliste", "1204": "klassisch (alte Statistik)", "1018": "Knecht + M\u00fcller (B2B E-Mail)", "1019": "Knecht WinWorld", "1020": "Kontenplan", "479": "Konvertierung", "1021": "Krankenkassen", "480": "Kunde", "1023": "Kundenkartei", "1022": "Kundenkartei", "481": "Kundenkartei", "1024": "Kundenkennzeichen", "1025": "Kundenkontakt", "482": "Kundenwerbung", "1013": "KV-Verwaltung HG", "483": "Lager", "1027": "Lager", "1028": "Lager", "484": "Lagerverwaltung", "1029": "Lagerverwaltung", "1026": "LAN (Lokales Netzwerk)", "1030": "Leica (B2B Webservice)", "1031": "Leihger\u00e4teverwaltung", "1032": "LensNext (B2B E-Mail)", "485": "Libre Office", "1033": "Lieferanten", "1034": "Lieferscheine intern", "1035": "Listen-Kundenkartei", "1037": "Lokalausspielung", "1036": "Lokalausspielung", "1038": "Look4 Optics Fassungslogistik", "486": "Low Vision", "1039": "Low Vision-Kataloge", "35370": "Loyalty Lab", "1040": "Lux-Lens (B2B E-Mail)", "1041": "Luxottica Komplettbr (B2B Webservice)", "1042": "Luxottica NOOS Fsg.Logistik", "1043": "Luxottica Stars Fsg.Logistik", "1205": "m-lens (B2B Webservice)", "1206": "maba Kundenfrequenzanalyse", "1047": "Mahnwesen", "487": "Mahnwesen", "1048": "Marchon eLfs.", "1049": "Mateo", "1050": "MegaOptic (B2B Webservice)", "1051": "Menicon (Webservice)", "1052": "Menrad Fsg.Logistik", "1044": "MIP", "1053": "Mitarbeiter", "1054": "Module", "1055": "Module", "1046": "MPG&E (Webservice)", "1045": "MPG&E (Webservice)", "1057": "Nachkonvertierung", "488": "Netzwerk/Internet", "199591": "Neukundenticket", "1059": "Nidek", "1058": "Nidek", "1060": "Nika (B2B E-Mail)", "1061": "Noah", "489": "Noah", "1056": "NOAH 4", "1062": "Novacel (B2B Webservice)", "1207": "o.k.m (B2B Webservice)", "1066": "Oculus", "1063": "OGA (B2B Webservice)", "1067": "Omega Optix (B2B Webservice)", "1069": "Online Terminplaner", "1068": "Online Terminplaner", "1064": "OPS Optics (B2B E-Mail)", "1065": "OPT-IN", "1074": "Opticland Fsg.Logistik", "1075": "OptikWeber (B2B Webservice)", "1070": "OptiSwiss (Status f\u00fcr Osshop)", "1071": "OptiSwiss CH (OSdirect)", "1072": "OptiSwiss F (OSdirect)", "1073": "OptiSwiss Osshop", "1076": "Optix direct (B2B Webservice)", "1208": "optoAMC", "1077": "Optovision (B2B Webserver)", "1078": "Optovision ActivOnline", "1079": "Optovision VET", "1080": "Optovision WinOnline", "1211": "\u00d6sterreich", "1081": "Otoplastik", "1083": "Pachleitner eLfs", "490": "Paketverwaltung", "491": "Paskal 3D", "492": "Passwortsystem", "1082": "PDF Creator", "1084": "Pilotkonvertierung", "1085": "Positionsermittlung", "1086": "Positionsermittlung", "1087": "PostCoder (UK)", "1088": "ProDesign eLfs.", "1089": "Programmbedienung", "1090": "Prot abgelehnt", "1091": "Pullmann (Pullmann Client)", "1112": "R\u00e4ume", "1096": "Rechner", "1097": "Rechte", "493": "Refraktionsprotokoll", "494": "Refraktionsverwaltung", "1098": "Reize (B2B Webservice)", "1099": "ReizeOnline", "1100": "Reklamation", "495": "Reminder", "496": "Reorganisation", "1101": "Rezeptabrechnung", "1095": "RH e-cado", "1094": "RH e-cado + Vinzent", "1092": "RH Nuvola", "1093": "RH Nuvola", "1109": "Rodenstock", "1102": "Rodenstock (B2B Webservice)", "1103": "Rodenstock CNXT", "1104": "Rodenstock Consulting", "1108": "Rodenstock eLfs", "1105": "Rodenstock Impressionist 1-3", "1106": "Rodenstock R-Trace", "1107": "Rodenstock WinFit", "1110": "Router", "1111": "Rupp + Hubrach (B2B Webservice)", "1114": "Safilo Smile Fsg.Logistik", "1115": "Sammelrechnung Korrektur/Teilgutschrift", "1116": "Sauflon (Webservice)", "504": "Schattenserver", "1117": "Schnelleingabelisten", "505": "Schnittstellen", "1119": "Schnittstellen", "1118": "Schnittstellen (Kera-,Topo-,Peri-, Spalt-, ...)", "1123": "Sch\u00f6ne", "1120": "Schulz (B2B Webservice)", "1121": "Schulz Webportal", "1122": "Schweizer (B2B Webservice)", "1124": "Sebold Sehanalyse", "1125": "Seiko (B2B Webservice)", "1126": "Seiko Lens3D", "1127": "Seiko Xtranet", "1113": "SEPA/DTA", "1128": "Server", "1129": "Servicevertr\u00e4ge & Rechnungswesen", "506": "Servicevertr\u00e4ge und Rechnungswesen", "1131": "Shamir", "1130": "Shamir (B2B E-Mail)", "1132": "SignDoc - Digitale Unterschrift", "1133": "Signet Armorlite (B2B Webservice)", "1134": "Signotec - Digitale Unterschrift", "1135": "Silhouette Fsg.Logistik", "508": "Sinno", "1136": "Sinno", "507": "SiNNO-App", "497": "SMS/Email", "1137": "Sonstige", "509": "Sonstige Themen", "1138": "Sonstige: KT Abrechnung", "498": "SST Akustik", "499": "SST Industrieprogramme", "500": "SST Optometrie", "501": "SST Sonstige", "502": "SST Werkstatt", "503": "SST Zentrierger\u00e4te", "510": "Stammdaten", "42399": "Stammdaten", "1213": "StammdatenV2", "511": "Statistik", "512": "Stra\u00dfenverzeichnis", "1140": "Stra\u00dfenverzeichnis", "1139": "Stratemeyer (B2B Webservice)", "1141": "Support ohne WV", "1142": "SwissOptic (B2B Webservice)", "513": "System/Anlage", "1143": "Systemparameter", "1148": "Tagesabschluss", "1144": "TAPI SST", "1149": "Tauschsystem", "514": "Terminkalender", "515": "Terminplaner", "1150": "Textdatei (E-Mail)", "516": "Textverarbeitung", "1152": "Topcon", "1151": "Topcon", "1146": "TSE", "1147": "TSE", "1145": "TSE Stick", "1153": "Unternehmensanalyse HG", "1154": "Unternehmensanalyse Optik", "1155": "Unternehmensanalyse Optik", "1156": "Unterschriftenpad", "1160": "Verbuchung", "1161": "Verordner", "1162": "Versichertenkartenleser", "1163": "Vertrag / SWW / Rechnung", "1164": "Visall (Online)", "1165": "Visibilia eLfs.", "1166": "Visionix", "1157": "VK-Leser", "1168": "Vorg\u00e4nge", "1167": "Vorgangs/ Abrechnungs- Vorlagen", "1169": "Vorlagen", "1159": "VPN", "1158": "VPN", "517": "Wartung", "1170": "Wartung verweigert", "1171": "Wearlite (B2B E-Mail)", "1172": "WebIntellio (FRA)", "518": "Webshop", "1173": "Weco", "519": "Weisse Preisliste", "1174": "Werkstatt", "1175": "Wetzlich (B2B Webservice)", "1176": "Wiedervorlagen", "1209": "winIPRO zu winIPRO", "1210": "winIPRO-Dienste", "521": "winIPRO2GO", "1180": "W\u00f6hlk (EMail)", "1181": "W\u00f6hlk (Webservice)", "1182": "W\u00f6hlk (Webservice)", "1178": "Word", "1177": "Word Serienbrief", "1179": "Workstation", "1183": "Zahlungsverwaltung", "1192": "Zeiss", "1184": "Zeiss (B2B Webservice)", "1190": "Zeiss i.Com", "1191": "Zeiss iCom Mobile", "1185": "Zeiss Logon", "1186": "Zeiss RVTerminal", "1188": "Zeiss Visuconsult 500", "1187": "Zeiss VisuStore", "1189": "Zeiss Winfral (ISM)", "1193": "Zubeh\u00f6r (Etiketten, USB, Kabel ect...)", "1194": "Zweitnutzung"}